{
	"sectionNumber": 6.2,
	"sectionTitle": "Inquisitive minds",
	"sectionObjective": "Discuss rewarding jobs / Give a presentation about someone you admire",
	"GKU": "Language_Hub_C1_Unit6_Lesson6_2",
	"sectionSkills": [
		{
			"skillType": "V",
			"skillName": "Vocabulary",
			"skillTitle": "binomial expressions"
		},
		{
			"skillType": "P",
			"skillName": "Pronunciation",
			"skillTitle": "pauses and pitch in presentations"
		},
		{
			"skillType": "G",
			"skillName": "Grammar",
			"skillTitle": "ing and infinitive forms"
		},
		{
			"skillType": "S",
			"skillName": "Listening",
			"skillTitle": "writing notes while listening"
		}
	],
	"sectionPart": [
		{
			"partTitle": "PRONUNCIATION",
			"partImage": "",
			"partSubTitle": "Pauses and pitch in presentations",
			"sets": [
				{
					"setMarker": "A",
					"setHeading": "",
					"setImage": "",
					"setAudioNumber": 6.5,
					"audioNumberOrdinal": "002",
					"setAudio": "ALH_TAT5_AUD_U6.2_002",
					"setIgnore": false,
					"exerciseType": "LC - multiple choice",
					"exerciseInstruction": "Listen carefully to some extracts from the radio show. Which sound (/p/, /t/ or /k/) can you hear in each of the underlined words?",
					"exercises": [
						{
							"exerciseSentences": [
								{
									"sentenceOrdinal": 1,
									"exerciseQuestion": [
										"Today,(1) I’d like to talk about someone(2) who I particularly admire."
									],
									"exerciseAnswer": "1",
									"exerciseOptions": [
										"1",
										"2"
									]
								},
								{
									"sentenceOrdinal": 2,
									"exerciseQuestion": [
										"In my opinion,(1) he’s far and away(2) one of America’s greatest inventors."
									],
									"exerciseAnswer": "1",
									"exerciseOptions": [
										"1",
										"2"
									]
								},
								{
									"sentenceOrdinal": 3,
									"exerciseQuestion": [
										"His innovations(1) have fixed everyday problems(2) but also probably saved thousands of lives."
									],
									"exerciseAnswer": "2",
									"exerciseOptions": [
										"1",
										"2"
									]
								},
								{
									"sentenceOrdinal": 4,
									"exerciseQuestion": [
										"In addition,(1) he was one of the first African-American inventors(2) to gain public recognition for his work."
									],
									"exerciseAnswer": "1",
									"exerciseOptions": [
										"1",
										"2"
									]
								},
								{
									"sentenceOrdinal": 5,
									"exerciseQuestion": [
										"His name was Garrett Morgan(1) and he was a prolific inventor(2) and entrepreneur who lived between 1877 and 1963."
									],
									"exerciseAnswer": "/p/",
									"exerciseOptions": [
										"1",
										"2"
									]
								},
								{
									"sentenceOrdinal": 6,
									"exerciseQuestion": [
										"And while(1) you may not all know his name,(2) you’re likely to have experienced his innovations."
									],
									"exerciseAnswer": "2",
									"exerciseOptions": [
										"1",
										"2"
									]
								},
								{
									"sentenceOrdinal": 7,
									"exerciseQuestion": [
										"One of Morgan’s early successes(1) was actually an accident(2)."
									],
									"exerciseAnswer": "2",
									"exerciseOptions": [
										"1",
										"2"
									]
								},
								{
									"sentenceOrdinal": 8,
									"exerciseQuestion": [
										"He was repairing a sewing machine in his store(1) when he noticed that some oil(2) he was using had straightened the hairs on a cloth."
									],
									"exerciseAnswer": "1",
									"exerciseOptions": [
										"1",
										"2"
									]
								}
							]
						}
					]
				},
				{
					"partTitle": "PRONUNCIATION",
					"partImage": "",
					"partSubTitle": "Pauses and pitch in presentations",
					"sets": [
						{
							"setMarker": "B",
							"setHeading": null,
							"setImage": null,
							"setAudioNumber": null,
							"audioNumberOrdinal": "",
							"setAudio": "",
							"setIgnore": true,
							"exerciseType": "",
							"exerciseInstruction": "Work in pairs. Turn to the audio script on page 172 and practice reading the presentation about Garrett Morgan. Focus on pauses and pitch.",
							"exercises": null
						}
					]
				}
			]
		}
	]
}