{
	"sectionNumber": 1.2,
	"sectionTitle": "Trendsetting",
	"sectionObjective": "Compare different trends / Make a podcast or vlog",
	"GKU": "Language_Hub_C1_Unit1_Lesson1_2",
	"sectionSkills": [
		{
			"skillType": "G",
			"skillName": "Grammar",
			"skillTitle": "comparatives and superlatives"
		},
		{
			"skillType": "V",
			"skillName": "Vocabulary",
			"skillTitle": "experimenting with prefixes and suffixes"
		},
		{
			"skillType": "P",
			"skillName": "Pronunciation",
			"skillTitle": "emphatic stress"
		},
		{
			"skillType": "S",
			"skillName": "Reading",
			"skillTitle": "using contrasts to work out meaning"
		}
	],
	"sectionPart": [
		{
			"partTitle": "PRONUNCIATION",
			"partImage": "",
			"partSubTitle": "Emphatic stress",
			"sets": [
				{
					"setMarker": "A",
					"setHeading": "",
					"setImage": "",
					"setAudioNumber": 1.5,
					"audioNumberOrdinal": "003",
					"setAudio": "ALH_TAT5_AUD_U1.2_003",
					"setIgnore": false,
					"exerciseType": "LC - multiple choice",
					"exerciseInstruction": "Listen to the extracts from the recording. Choose the stressed word in each sentence.",
					"exercises": [
						{
							"exerciseSentences": [
								{
									"sentenceOrdinal": 1,
									"exerciseQuestion": [
										"One of the most common mistakes that new vloggers and podcasters make is to expect everything to be perfect."
									],
									"exerciseAnswer": "the",
									"exerciseOptions": [
										"one",
										"the",
										"new",
										"everything"
									]
								},
								{
									"sentenceOrdinal": 2,
									"exerciseQuestion": [
										"But after a while, it got a lot easier."
									],
									"exerciseAnswer": "lot",
									"exerciseOptions": [
										"but",
										"while",
										"lot",
										"easier"
									]
								},
								{
									"sentenceOrdinal": 3,
									"exerciseQuestion": [
										"... if nobody cared after a year, I'd give up. And it did take a while to et noticed."
									],
									"exerciseAnswer": "did",
									"exerciseOptions": [
										"after",
										"up",
										"did",
										"while"
									]
								},
								{
									"sentenceOrdinal": 4,
									"exerciseQuestion": [
										"...you've found your niche and you've created some excellent content."
									],
									"exerciseAnswer": "and",
									"exerciseOptions": [
										"your",
										"and",
										"excellent",
										"content"
									]
								},
								{
									"sentenceOrdinal": 5,
									"exerciseQuestion": [
										"Every Wednesday at ten o'clock, there will be a new video on my channel."
									],
									"exerciseAnswer": "will",
									"exerciseOptions": [
										"every",
										"ten",
										"will",
										"new"
									]
								},
								{
									"sentenceOrdinal": 6,
									"exerciseQuestion": [
										"I suppose in many people's eyes, I am an overnight success."
									],
									"exerciseAnswer": "am",
									"exerciseOptions": [
										"I",
										"many",
										"am",
										"overnight"
									]
								},
								{
									"sentenceOrdinal": 7,
									"exerciseQuestion": [
										"I felt awkward at first, too, but you do get used to it."
									],
									"exerciseAnswer": "do",
									"exerciseOptions": [
										"first",
										"do",
										"used",
										"it"
									]
								},
								{
									"sentenceOrdinal": 8,
									"exerciseQuestion": [
										"Dora Cho, thanks so much for joining me today.."
									],
									"exerciseAnswer": "so",
									"exerciseOptions": [
										"thanks",
										"so",
										"much",
										"here"
									]
								}
							]
						}
					]
				},
				{
					"setMarker": "B",
					"setHeading": "",
					"setImage": "",
					"setAudioNumber": null,
					"audioNumberOrdinal": "",
					"setAudio": "",
					"setIgnore": false,
					"exerciseType": "Speak",
					"exerciseInstruction": "Listen and repeat the sentences.",
					"exercises": [
						{
							"exerciseSentences": [
								{
									"sentenceOrdinal": 1,
									"sentences": [
										"One of the most common mistakes that new vloggers and podcasters make is to expect everything to be perfect."
									],
									"blankedWords": ""
								},
								{
									"sentenceOrdinal": 2,
									"sentences": [
										"But after a while, it got a lot easier!"
									],
									"blankedWords": [
										""
									]
								},
								{
									"sentenceOrdinal": 3,
									"sentences": [
										"... if nobody cared after a year, I’d give up. And it did take a while to get noticed."
									],
									"blankedWords": [
										""
									]
								},
								{
									"sentenceOrdinal": 4,
									"sentences": [
										"... you’ve found your niche and you’ve created some excellent content."
									],
									"blankedWords": [
										""
									]
								},
								{
									"sentenceOrdinal": 5,
									"sentences": [
										"Every Wednesday at ten o’clock, there will be a new video on my channel."
									],
									"blankedWords": [
										""
									]
								},
								{
									"sentenceOrdinal": 6,
									"sentences": [
										"I suppose in many people’s eyes, I am an overnight success."
									],
									"blankedWords": [
										""
									]
								},
								{
									"sentenceOrdinal": 7,
									"sentences": [
										"I felt awkward at first, too, but you do get used to it."
									],
									"blankedWords": [
										""
									]
								},
								{
									"sentenceOrdinal": 8,
									"sentences": [
										"Dora Cho, thanks so much for joining me today."
									],
									"blankedWords": [
										""
									]
								}
							]
						}
					]
				},
				{
					"setMarker": "C",
					"setHeading": "",
					"setImage": "",
					"setAudioNumber": 1.6,
					"audioNumberOrdinal": "004",
					"setAudio": "ALH_TAT5_AUD_U1.2_004",
					"setIgnore": false,
					"exerciseType": "LC - multiple choice",
					"exerciseInstruction": "Decide where to add emphatic stress in these sentences. Then listen to check.",
					"exercises": [
						{
							"exerciseSentences": [
								{
									"sentenceOrdinal": 1,
									"exerciseQuestion": [
										"That’s one of the most popular vlogs on the web."
									],
									"exerciseAnswer": "the",
									"exerciseOptions": [
										"that's",
										"one",
										"the",
										"most"
									]
								},
								{
									"sentenceOrdinal": 2,
									"exerciseQuestion": [
										"When you reach one million subscribers, it will be worth it!"
									],
									"exerciseAnswer": "when / will",
									"exerciseOptions": [
										"when / will",
										"you / it",
										"reach / worth",
										"million / subscribers"
									]
								},
								{
									"sentenceOrdinal": 3,
									"exerciseQuestion": [
										"Is it possible to be a trendsetter and an influencer?"
									],
									"exerciseAnswer": "and",
									"exerciseOptions": [
										"is",
										"possible",
										"and",
										"influencer"
									]
								}
							]
						}
					]
				}
			]
		}
	]
}