{
	"sectionNumber": 1.1,
	"sectionTitle": "Dress for success",
	"sectionObjective": "Talk about style and fashion / Give fashion advice",
	"GKU": "Language_Hub_C1_Unit1_Lesson1_1",
	"sectionSkills": [
		{
			"skillType": "V",
			"skillName": "Vocabulary",
			"skillTitle": "clothes and fashion; metaphors"
		},
		{
			"skillType": "P",
			"skillName": "Pronunciation",
			"skillTitle": "linking /r/"
		},
		{
			"skillType": "S",
			"skillName": "Listening",
			"skillTitle": "listening for recommendations"
		},
		{
			"skillType": "G",
			"skillName": "Grammar",
			"skillTitle": "nominal clauses"
		}
	],
	"sectionPart": [
		{
			"partTitle": "PRONUNCIATION",
			"partImage": "",
			"partSubTitle": "Linkimg /r/",
			"sets": [
				{
					"setMarker": "A",
					"setHeading": "",
					"setImage": "",
					"setAudioNumber": "",
					"audioNumberOrdinal": "",
					"setAudio": "",
					"setIgnore": false,
					"exerciseType": "LC - multiple choice",
					"exerciseInstruction": "Which words in the sentences do you think are connected by a /r/ sound?",
					"exercises": [
						{
							"exerciseSentences": [
								{
									"sentenceOrdinal": 1,
									"exerciseQuestion": [
										"I saw a nice suit yesterday for 40% off."
									],
									"exerciseAnswer": "saw / a",
									"exerciseOptions": [
										"I / saw",
										"saw / a",
										"suit / yesterday",
										"yesterday / for"
									]
								},
								{
									"sentenceOrdinal": 2,
									"exerciseQuestion": [
										"You’re only saving money if you buy something you need."
									],
									"exerciseAnswer": "you're / only",
									"exerciseOptions": [
										"you're / only",
										"only / saving",
										"money / if",
										"buy / something"
									]
								},
								{
									"sentenceOrdinal": 3,
									"exerciseQuestion": [
										"I just wore a jacket from an old suit."
									],
									"exerciseAnswer": "wore / a",
									"exerciseOptions": [
										"I / just",
										"wore / a",
										"jacket / from",
										"an / old"
									]
								},
								{
									"sentenceOrdinal": 4,
									"exerciseQuestion": [
										"They had no idea I was wearing sweatpants."
									],
									"exerciseAnswer": "idea / I",
									"exerciseOptions": [
										"They / had",
										"idea / I",
										"was / wearing",
										"wearing / sweatpants"
									]
								},
								{
									"sentenceOrdinal": 5,
									"exerciseQuestion": [
										"Are auction sites the best place to pick up cheap clothes?"
									],
									"exerciseAnswer": "are / auction",
									"exerciseOptions": [
										"are / auction",
										"sites / the",
										"best / place",
										"pick / up"
									]
								},
								{
									"sentenceOrdinal": 6,
									"exerciseQuestion": [
										"Avoid stores in a trendy area or one with a lot of students."
									],
									"exerciseAnswer": "or / onw",
									"exerciseOptions": [
										"avoid / shops",
										"in / a",
										"trendy / area",
										"or / one"
									]
								},
								{
									"sentenceOrdinal": 7,
									"exerciseQuestion": [
										"Many sales clerks are authorized to offer discounts."
									],
									"exerciseAnswer": "are / authorizes",
									"exerciseOptions": [
										"sales / clerks",
										"are / authorized",
										"to / offer",
										"offer / discounts"
									]
								}
							]
						}
					]
				},
				{
					"setMarker": "B",
					"setHeading": "",
					"setImage": "",
					"setAudioNumber": null,
					"audioNumberOrdinal": "",
					"setAudio": "",
					"setIgnore": false,
					"exerciseType": "Speak",
					"exerciseInstruction": "Listen and repeat the sentences.",
					"exercises": [
						{
							"exerciseSentences": [
								{
									"sentenceOrdinal": 1,
									"sentences": [
										"I saw a nice suit yesterday for 40% off."
									],
									"blankedWords": ""
								},
								{
									"sentenceOrdinal": 2,
									"sentences": [
										"You’re only saving money if you buy something you need."
									],
									"blankedWords": [
										""
									]
								},
								{
									"sentenceOrdinal": 3,
									"sentences": [
										"I just wore a jacket from an old suit."
									],
									"blankedWords": [
										""
									]
								},
								{
									"sentenceOrdinal": 4,
									"sentences": [
										"They had no idea I was wearing sweatpants."
									],
									"blankedWords": [
										""
									]
								},
								{
									"sentenceOrdinal": 5,
									"sentences": [
										"Are auction sites the best place to pick up cheap clothes?"
									],
									"blankedWords": [
										""
									]
								},
								{
									"sentenceOrdinal": 6,
									"sentences": [
										"Avoid stores in a trendy area or one with a lot of students."
									],
									"blankedWords": [
										""
									]
								},
								{
									"sentenceOrdinal": 7,
									"sentences": [
										"Many sales clerks are authorized to offer discounts."
									],
									"blankedWords": [
										""
									]
								}
							]
						}
					]
				}
			]
		}
	]
}