{
	"sectionNumber": 8.1,
	"sectionTitle": "Health and wellness",
	"sectionObjective": "Discuss wellness treatments / Talk about health and technology",
	"GKU": "Language_Hub_C1_Unit8_Lesson8_1",
	"sectionSkills": [
		{
			"skillType": "V",
			"skillName": "Vocabulary",
			"skillTitle": "health problems"
		},
		{
			"skillType": "P",
			"skillName": "Pronunciation",
			"skillTitle": "building suspense"
		},
		{
			"skillType": "S",
			"skillName": "Reading",
			"skillTitle": "identifying writers’ opinions"
		},
		{
			"skillType": "G",
			"skillName": "Grammar",
			"skillTitle": "adjective clauses with complex relative pronouns"
		}
	],
	"sectionPart": [
		{
			"partTitle": "PRONUNCIATION",
			"partImage": "",
			"partSubTitle": "Building suspense",
			"sets": [
				{
					"setMarker": "A",
					"setHeading": "",
					"setImage": "",
					"setAudioNumber": 8.2,
					"audioNumberOrdinal": "002",
					"setAudio": "ALH_TAT5_AUD_U8.1_002",
					"setIgnore": false,
					"exerciseType": "LC - multiple choice",
					"exerciseInstruction": "Listen to the example sentences from the conversation. Underline the word where the speaker changes pitch.",
					"exercises": [
						{
							"exerciseSentences": [
								{
									"sentenceOrdinal": 1,
									"exerciseQuestion": [
										"So check out my brand new smart watch!"
									],
									"exerciseAnswer": "new",
									"exerciseOptions": [
										"check out",
										"new",
										"smart watch"
									]
								},
								{
									"sentenceOrdinal": 2,
									"exerciseQuestion": [
										"You’ll never guess what … I’ve just been commissioned to write an article about wellness technology."
									],
									"exerciseAnswer": "what",
									"exerciseOptions": [
										"never",
										"just",
										"what"
									]
								},
								{
									"sentenceOrdinal": 3,
									"exerciseQuestion": [
										"For example, on this smart watch take this handy heart rate tracker."
									],
									"exerciseAnswer": "handy",
									"exerciseOptions": [
										"example",
										"handy",
										"tracker"
									]
								},
								{
									"sentenceOrdinal": 4,
									"exerciseQuestion": [
										"And if you forget, it starts flashing red."
									],
									"exerciseAnswer": "forget",
									"exerciseOptions": [
										"And",
										"forget",
										"flashing"
									]
								}
							]
						}
					]
				},
				{
					"partTitle": "PRONUNCIATION",
					"partImage": "",
					"partSubTitle": "Building suspense",
					"sets": [
						{
							"setMarker": "B",
							"setHeading": null,
							"setImage": null,
							"setAudioNumber": null,
							"audioNumberOrdinal": "",
							"setAudio": "",
							"setIgnore": true,
							"exerciseType": "",
							"exerciseInstruction": "Complete the sentences so they are true for you.",
							"exercises": null
						}
					]
				},
				{
					"partTitle": "PRONUNCIATION",
					"partImage": "",
					"partSubTitle": "Building suspense",
					"sets": [
						{
							"setMarker": "C",
							"setHeading": null,
							"setImage": null,
							"setAudioNumber": null,
							"audioNumberOrdinal": "",
							"setAudio": "",
							"setIgnore": true,
							"exerciseType": "",
							"exerciseInstruction": "Work in pairs. Present the information in Exercise B to your partner. Use pitch and pauses to build suspense.",
							"exercises": null
						}
					]
				}
			]
		}
	]
}