{
	"sectionNumber": 2.1,
	"sectionTitle": "The story behind it",
	"sectionObjective": "Give a presentation about art/ Talk about creative projects",
	"GKU": "Language_Hub_C1_Unit2_Lesson2_1",
	"sectionSkills": [
		{
			"skillType": "V",
			"skillName": "Vocabulary",
			"skillTitle": "describing art"
		},
		{
			"skillType": "P",
			"skillName": "Pronunciation",
			"skillTitle": "contrastive stress"
		},
		{
			"skillType": "G",
			"skillName": "Grammar",
			"skillTitle": "narrative tenses"
		},
		{
			"skillType": "S",
			"skillName": "Listening",
			"skillTitle": "anticipating content before listening"
		}
	],
	"sectionPart": [
		{
			"partTitle": "PRONUNCIATION",
			"partImage": "",
			"partSubTitle": "Contrastive stress",
			"sets": [
				{
					"setMarker": "A",
					"setHeading": "",
					"setImage": "",
					"setAudioNumber": 2.3,
					"audioNumberOrdinal": "003",
					"setAudio": "ALH_TAT5_AUD_U2.1_003",
					"setIgnore": false,
					"exerciseType": "LC - multiple choice",
					"exerciseInstruction": "Listen to the extracts from the radio show. Choose whether the intonation rises or falls.",
					"exercises": [
						{
							"exerciseSentences": [
								{
									"sentenceOrdinal": 1,
									"exerciseQuestion": [
										"Yes, we can see her entourage on the right( ), but to the left, we can see the artist himself, standing next to a gigantic canvas."
									],
									"exerciseAnswers": "rises",
									"exerciseOptions": [
										"rises",
										"falls"
									]
								},
								{
									"sentenceOrdinal": 2,
									"exerciseQuestion": [
										"Yes, we can see her entourage on the right( ), but to the left( ), we can see the artist himself, standing next to a gigantic canvas."
									],
									"exerciseAnswers": "falls",
									"exerciseOptions": [
										"rises",
										"falls"
									]
								},
								{
									"sentenceOrdinal": 3,
									"exerciseQuestion": [
										"So, it’s a portrait of the King and Queen( ), not the Infanta."
									],
									"exerciseAnswers": "falls",
									"exerciseOptions": [
										"rises",
										"falls"
									]
								},
								{
									"sentenceOrdinal": 4,
									"exerciseQuestion": [
										"So, it’s a portrait of the King and Queen, not the Infanta( )."
									],
									"exerciseAnswers": "rises",
									"exerciseOptions": [
										"rises",
										"falls"
									]
								}
							]
						}
					]
				},
				{
					"setMarker": "B",
					"setHeading": "",
					"setImage": "",
					"setAudioNumber": 2.4,
					"audioNumberOrdinal": "004",
					"setAudio": "ALH_TAT5_AUD_U2.1_004",
					"setIgnore": false,
					"exerciseType": "Speak",
					"exerciseInstruction": "Listen and repeat the sentences.",
					"exercises": [
						{
							"exerciseSentences": [
								{
									"sentenceOrdinal": 1,
									"sentences": [
										"Actually, Mondrian wasn’t American, he was Dutch."
									],
									"blankedWords": ""
								},
								{
									"sentenceOrdinal": 2,
									"sentences": [
										"Although I like his landscapes, his portraits are much better."
									],
									"blankedWords": [
										""
									]
								},
								{
									"sentenceOrdinal": 3,
									"sentences": [
										"Why don’t we watch a movie instead of going to the gallery?"
									],
									"blankedWords": [
										""
									]
								},
								{
									"sentenceOrdinal": 4,
									"sentences": [
										"I don’t think it’s tedious. I just think it’s overrated."
									],
									"blankedWords": [
										""
									]
								},
								{
									"sentenceOrdinal": 5,
									"sentences": [
										"It was painted in 1656 – you said 1666."
									],
									"blankedWords": [
										""
									]
								},
								{
									"sentenceOrdinal": 6,
									"sentences": [
										"You study art history, don’t you?"
									],
									"blankedWords": [
										""
									]
								},
								{
									"sentenceOrdinal": 7,
									"sentences": [
										"No, I study fine art, not art history."
									],
									"blankedWords": [
										""
									]
								}
							]
						}
					]
				},
				{
					"setMarker": "C",
					"setHeading": "SPEAK",
					"setImage": "",
					"setAudioNumber": "",
					"audioNumberOrdinal": "",
					"setAudio": "",
					"setIgnore": true,
					"exerciseType": "",
					"exerciseInstruction": "Guess whether your partner likes these things or not. Respond to your partner’s guesses. Use contrastive stress when appropriate",
					"exercises": []
				}
			]
		}
	]
}