{
	"sectionNumber": 2.2,
	"sectionTitle": "Creative people",
	"sectionObjective": "Talk about finding inspiration/ Describe a life-changing moment",
	"GKU": "Language_Hub_C1_Unit2_Lesson2_2",
	"sectionSkills": [
		{
			"skillType": "V",
			"skillName": "Vocabulary",
			"skillTitle": "ideas and inspiration; compound adjectives"
		},
		{
			"skillType": "P",
			"skillName": "Pronunciation",
			"skillTitle": "questions for comment or criticism"
		},
		{
			"skillType": "G",
			"skillName": "Grammar",
			"skillTitle": "future in the past"
		},
		{
			"skillType": "S",
			"skillName": "Reading",
			"skillTitle": "inferring meaning"
		}
	],
	"sectionPart": [
		{
			"partTitle": "PRONUNCIATION",
			"partImage": "",
			"partSubTitle": "Questions for comment or criticism",
			"sets": [
				{
					"setMarker": "A",
					"setHeading": "",
					"setImage": "",
					"setAudioNumber": 2.6,
					"audioNumberOrdinal": "002",
					"setAudio": "ALH_TAT5_AUD_U2.2_002",
					"setIgnore": false,
					"exerciseType": "LC - multiple choice",
					"exerciseInstruction": "Listen to the questions from the discussion. Choose whether the intonation rises or falls at the end of each question.",
					"exercises": [
						{
							"exerciseSentences": [
								{
									"sentenceOrdinal": 1,
									"exerciseQuestion": [
										"Isn’t that somewhat pretentious?"
									],
									"exerciseAnswer": "falls",
									"exerciseOptions": [
										"rises",
										"falls"
									]
								},
								{
									"sentenceOrdinal": 2,
									"exerciseQuestion": [
										"Is he crazy?"
									],
									"exerciseAnswer": "rises",
									"exerciseOptions": [
										"rises",
										"falls"
									]
								},
								{
									"sentenceOrdinal": 3,
									"exerciseQuestion": [
										"Why does she keep writing if it’s terrible?"
									],
									"exerciseAnswer": "falls",
									"exerciseOptions": [
										"rises",
										"falls"
									]
								},
								{
									"sentenceOrdinal": 4,
									"exerciseQuestion": [
										"Don’t you think?"
									],
									"exerciseAnswer": "falls",
									"exerciseOptions": [
										"rises",
										"falls"
									]
								},
								{
									"sentenceOrdinal": 5,
									"exerciseQuestion": [
										"Is she serious?"
									],
									"exerciseAnswer": "rises",
									"exerciseOptions": [
										"rises",
										"falls"
									]
								},
								{
									"sentenceOrdinal": 6,
									"exerciseQuestion": [
										"How can you make something when you don’t know what you’re doing?"
									],
									"exerciseAnswer": "falls",
									"exerciseOptions": [
										"rises",
										"falls"
									]
								}
							]
						}
					]
				},
				{
					"setMarker": "B",
					"setHeading": "",
					"setImage": "",
					"setAudioNumber": 2.7,
					"audioNumberOrdinal": "003",
					"setAudio": "ALH_TAT5_AUD_U2.2_003",
					"setIgnore": false,
					"exerciseType": "LC - multiple choice",
					"exerciseInstruction": "Listen to the questions from the discussion. Choose whether the intonation rises or falls at the end of each question.",
					"exercises": [
						{
							"exerciseSentences": [
								{
									"sentenceOrdinal": 1,
									"exerciseQuestion": [
										"What’s the point of that? You can’t be creative if you’re not in the right state of mind."
									],
									"exerciseAnswer": "falls",
									"exerciseOptions": [
										"rises",
										"falls"
									]
								},
								{
									"sentenceOrdinal": 2,
									"exerciseQuestion": [
										"Yes, but I can never remember them. Isn’t that frustrating?"
									],
									"exerciseAnswer": "falls",
									"exerciseOptions": [
										"rises",
										"falls"
									]
								},
								{
									"sentenceOrdinal": 3,
									"exerciseQuestion": [
										"Are you serious? I can't think properly unless it's quiet."
									],
									"exerciseAnswer": "rises",
									"exerciseOptions": [
										"rises",
										"falls"
									]
								},
								{
									"sentenceOrdinal": 4,
									"exerciseQuestion": [
										"Who feels creative first thing in the morning?"
									],
									"exerciseAnswer": "falls",
									"exerciseOptions": [
										"rises",
										"falls"
									]
								}
							]
						}
					]
				},
				{
					"setMarker": "C",
					"setHeading": "SPEAK",
					"setImage": "",
					"setAudioNumber": "",
					"audioNumberOrdinal": "",
					"setAudio": "",
					"setIgnore": true,
					"exerciseType": "",
					"exerciseInstruction": "Ask your partner the questions in Exercise B. Try to use a question for comment or criticism in your answer.",
					"exercises": []
				}
			]
		}
	]
}