{
	"sectionNumber": 9.1,
	"sectionTitle": "Language and behavior",
	"sectionObjective": "Talk about group behavior / Discuss factors that affect behavior",
	"GKU": "Language_Hub_C1_Unit9_Lesson9_1",
	"sectionSkills": [
		{
			"skillType": "V",
			"skillName": "Vocabulary",
			"skillTitle": "slang"
		},
		{
			"skillType": "P",
			"skillName": "Pronunciation",
			"skillTitle": "pronouncing vague expressions"
		},
		{
			"skillType": "S",
			"skillName": "Listening",
			"skillTitle": "understanding rapid colloquial speech"
		},
		{
			"skillType": "G",
			"skillName": "Grammar",
			"skillTitle": "noun phrases"
		}
	],
	"sectionPart": [
		{
			"partTitle": "PRONUNCIATION",
			"partImage": "",
			"partSubTitle": "Pronouncing vague expressions",
			"sets": [
				{
					"setMarker": "A",
					"setHeading": "",
					"setImage": "",
					"setAudioNumber": null,
					"setIgnore": false,
					"exerciseType": "one page sequence - multiple choice",
					"exerciseInstruction": "Choose the vague expressions in the extracts from the conversation.",
					"exercises": [
						{
							"exerciseSentences": [
								{
									"sentenceOrdinal": 1,
									"sentences": [
										"Something about perception skills and stuff like that."
									],
									"exerciseAnswer": "stuff like that",
									"exerciseOptions": [
										"about",
										"perception skills",
										"stuff like that"
									]
								},
								{
									"sentenceOrdinal": 2,
									"sentences": [
										"There were two guys here earlier, psychology professors or whatever."
									],
									"exerciseAnswer": "whatever",
									"exerciseOptions": [
										"earlier",
										"whatever",
										"guys"
									]
								},
								{
									"sentenceOrdinal": 3,
									"sentences": [
										"How groups influence our behavior, and so on."
									],
									"exerciseAnswer": "so on",
									"exerciseOptions": [
										"influence",
										"behavior",
										"so on"
									]
								},
								{
									"sentenceOrdinal": 4,
									"sentences": [
										"I thought my eyes were playing tricks on me in some way!"
									],
									"exerciseAnswer": "some way",
									"exerciseOptions": [
										"thought",
										"playing tricks",
										"some way"
									]
								},
								{
									"sentenceOrdinal": 5,
									"sentences": [
										"Sometimes it’s easier to follow the crowd, in a sense, than to trust your own eyes!"
									],
									"exerciseAnswer": "in a sense",
									"exerciseOptions": [
										"follow the crowd",
										"in a sense",
										"trust your own eyes"
									]
								},
								{
									"sentenceOrdinal": 6,
									"sentences": [
										"Everyone else is nodding their heads, or something like that."
									],
									"exerciseAnswer": "something like that",
									"exerciseOptions": [
										"nodding their heads",
										"something like that",
										"Everyone else"
									]
								},
								{
									"sentenceOrdinal": 7,
									"sentences": [
										"I felt kind of stupid."
									],
									"exerciseAnswer": "at the moment",
									"exerciseOptions": [
										"felt",
										"kind of",
										"stupid"
									]
								},
								{
									"sentenceOrdinal": 8,
									"sentences": [
										"You must think I’m some kind of sheep!"
									],
									"exerciseAnswer": "some kind of",
									"exerciseOptions": [
										"must",
										"think",
										"some kind of"
									]
								}
							]
						}
					]
				}
			]
		},
		{
			"partTitle": "PRONUNCIATION",
			"partImage": "",
			"partSubTitle": "Pronouncing vague expressions",
			"sets": [
				{
					"setMarker": "B",
					"setHeading": null,
					"setImage": null,
					"setAudioNumber": null,
					"audioNumberOrdinal": "",
					"setAudio": "",
					"setIgnore": false,
					"exerciseType": "Speak",
					"exerciseInstruction": "Practice saying the sentences.",
					"exercises": [
						{
							"sentenceOrdinal": 1,
							"sentences": [
								"Something about perception skills and stuff like that."
							],
							"blankedWords": []
						},
						{
							"sentenceOrdinal": 2,
							"sentences": [
								"There were two guys here earlier, psychology professors or whatever."
							],
							"blankedWords": []
						},
						{
							"sentenceOrdinal": 3,
							"sentences": [
								"How groups influence our behavior, and so on."
							],
							"blankedWords": []
						},
						{
							"sentenceOrdinal": 4,
							"sentences": [
								"I thought my eyes were playing tricks on me in some way!"
							],
							"blankedWords": []
						},
						{
							"sentenceOrdinal": 5,
							"sentences": [
								"Sometimes it’s easier to follow the crowd, in a sense, than to trust your own eyes!"
							],
							"blankedWords": []
						},
						{
							"sentenceOrdinal": 6,
							"sentences": [
								"Everyone else is nodding their heads, or something like that."
							],
							"blankedWords": []
						},
						{
							"sentenceOrdinal": 7,
							"sentences": [
								"I felt kind of stupid."
							],
							"blankedWords": []
						},
						{
							"sentenceOrdinal": 8,
							"sentences": [
								"You must think I’m some kind of sheep!"
							],
							"blankedWords": []
						}
					]
				}
			]
		}
	]
}