{
	"sectionNumber": 5.2,
	"sectionTitle": "Serious gaming",
	"sectionObjective": "Identify generalizations / Discuss ideas for solving a challenge",
	"GKU": "Language_Hub_C1_Unit5_Lesson5_2",
	"sectionSkills": [
		{
			"skillType": "V",
			"skillName": "Vocabulary",
			"skillTitle": "reporting verbs; motivation and manipulation"
		},
		{
			"skillType": "G",
			"skillName": "Grammar",
			"skillTitle": "passive reporting structures"
		},
		{
			"skillType": "S",
			"skillName": "Reading",
			"skillTitle": "distinguishing generalizations from preferred solutions"
		},
		{
			"skillType": "P",
			"skillName": "Pronunciation",
			"skillTitle": "-ate words"
		}
	],
	"sectionPart": [
		{
			"partTitle": "PRONUNCIATION",
			"partImage": "",
			"partSubTitle": "-ate words",
			"sets": [
				{
					"setMarker": "A",
					"setHeading": "",
					"setImage": "",
					"setAudioNumber": 5.5,
					"audioNumberOrdinal": "002",
					"setAudio": "ALH_TAT5_AUD_U5.2_002",
					"setIgnore": false,
					"exerciseType": "LC - multiple choice",
					"exerciseInstruction": "The suffix -ate has two pronunciations. Listen to the extracts from the presentation on Game Theory. Complete the table with the words in the box.",
					"exercises": [
						{
							"exerciseSentences": [
								{
									"sentenceOrdinal": 1,
									"exerciseQuestion": [
										"accurate"
									],
									"exerciseAnswer": "/ət/",
									"exerciseOptions": [
										"/eıt/",
										"/ət/"
									]
								},
								{
									"sentenceOrdinal": 2,
									"exerciseQuestion": [
										"appropriate"
									],
									"exerciseAnswer": "/ət/",
									"exerciseOptions": [
										"/eıt/",
										"/ət/"
									]
								},
								{
									"sentenceOrdinal": 3,
									"exerciseQuestion": [
										"complicated"
									],
									"exerciseAnswer": "/eıt/",
									"exerciseOptions": [
										"/eıt/",
										"/ət/"
									]
								},
								{
									"sentenceOrdinal": 4,
									"exerciseQuestion": [
										"cooperate"
									],
									"exerciseAnswer": "/eıt/",
									"exerciseOptions": [
										"/eıt/",
										"/ət/"
									]
								},
								{
									"sentenceOrdinal": 5,
									"exerciseQuestion": [
										"eliminated"
									],
									"exerciseAnswer": "/eıt/",
									"exerciseOptions": [
										"/eıt/",
										"/ət/"
									]
								},
								{
									"sentenceOrdinal": 6,
									"exerciseQuestion": [
										"fascinating"
									],
									"exerciseAnswer": "/eıt/",
									"exerciseOptions": [
										"/eıt/",
										"/ət/"
									]
								}
							]
						}
					]
				},
				{
					"partTitle": "PRONUNCIATION",
					"partImage": "",
					"partSubTitle": "-ate words",
					"sets": [
						{
							"setMarker": "B",
							"setHeading": "SPEAK",
							"setImage": null,
							"setAudioNumber": null,
							"audioNumberOrdinal": "",
							"setAudio": "",
							"setIgnore": false,
							"exerciseType": "",
							"exerciseInstruction": "Work in groups . Discuss the following questions.",
							"exercises": null
						}
					]
				}
			]
		}
	]
}