{
	"sectionNumber": 5.1,
	"sectionTitle": "21st century games",
	"sectionObjective": "Discuss problem-solving tasks / Discuss gaming and game design",
	"GKU": "Language_Hub_C1_Unit5_Lesson5_1",
	"sectionSkills": [
		{
			"skillType": "G",
			"skillName": "Grammar",
			"skillTitle": "the passive voice"
		},
		{
			"skillType": "V",
			"skillName": "Vocabulary",
			"skillTitle": "competition and cooperation"
		},
		{
			"skillType": "S",
			"skillName": "Reading",
			"skillTitle": "understanding colloquial asides"
		},
		{
			"skillType": "P",
			"skillName": "Pronunciation",
			"skillTitle": "expressing disbelief"
		}
	],
	"sectionPart": [
		{
			"partTitle": "PRONUNCIATION",
			"partImage": "",
			"partSubTitle": "Expressing disbelief",
			"sets": [
				{
					"setMarker": "A",
					"setHeading": "",
					"setImage": "",
					"setAudioNumber": 5.2,
					"audioNumberOrdinal": "002",
					"setAudio": "ALH_TAT5_AUD_U5.1_002",
					"setIgnore": false,
					"exerciseType": "LC - match",
					"exerciseInstruction": "Match the extracts from the conversation (1–7) with the responses (a–g). Then listen to check.",
					"exercises": [
						{
							"columnA": [
								"It’s at the bottom of this measuring cylinder.",
								"Try pulling it really hard.",
								"I wondered what that form was.",
								"Should we give up?",
								"Something metal? Aha! Two screws.",
								"You did it! We’re free!",
								"There’s something in the jug!"
							],
							"columnB": [
								"Really? That was easy!",
								"Seriously? That’s cheating!",
								"Didn’t you read it?",
								"Give up? No way!",
								"Screws? What are we supposed to do with them?",
								"Are you joking? We still need to remove the metal bar.",
								"Yeah right! There’s nothing there apart from the oil."
							]
						}
					]
				}
			]
		},
		{
			"partTitle": "PRONUNCIATION",
			"partImage": "",
			"partSubTitle": "Expressing disbelief",
			"sets": [
				{
					"setMarker": "B",
					"setHeading": "",
					"setImage": "",
					"setAudioNumber": 5.3,
					"audioNumberOrdinal": "003",
					"setAudio": "ALH_TAT5_AUD_U5.1_003",
					"setIgnore": false,
					"exerciseType": "LC - multiple choice",
					"exerciseInstruction": "Listen and decide in which sentence (a or b) the speaker is expressing disbelief.",
					"exercises": [
						{
							"exerciseSentences": [
								{
									"sentenceOrdinal": 1,
									"exerciseQuestion": [
										"In which sentence does the speaker is expressing disbelief?"
									],
									"exerciseAnswer": "second sentence",
									"exerciseOptions": [
										"first sentence",
										"second sentence"
									]
								},
								{
									"sentenceOrdinal": 2,
									"exerciseQuestion": [
										"In which sentence does the speaker is expressing disbelief?"
									],
									"exerciseAnswer": "first sentence",
									"exerciseOptions": [
										"first sentence",
										"second sentence"
									]
								},
								{
									"sentenceOrdinal": 3,
									"exerciseQuestion": [
										"In which sentence does the speaker is expressing disbelief?"
									],
									"exerciseAnswer": "first sentence",
									"exerciseOptions": [
										"first sentence",
										"second sentence"
									]
								},
								{
									"sentenceOrdinal": 4,
									"exerciseQuestion": [
										"In which sentence does the speaker is expressing disbelief?"
									],
									"exerciseAnswer": "second sentence",
									"exerciseOptions": [
										"first sentence",
										"second sentence"
									]
								}
							]
						}
					]
				},
				{
					"partTitle": "PRONUNCIATION",
					"partImage": "",
					"partSubTitle": "Expressing disbelief",
					"sets": [
						{
							"setMarker": "C",
							"setHeading": "SPEAK",
							"setImage": null,
							"setAudioNumber": null,
							"audioNumberOrdinal": "",
							"setAudio": "",
							"setIgnore": true,
							"exerciseType": "",
							"exerciseInstruction": "Work in pairs. Take turns to talk about something surprising you did this month. Express disbelief at your partner’s statements.",
							"exercises": null
						}
					]
				}
			]
		}
	]
}