{
	"sectionNumber": 7.2,
	"sectionTitle": "Extreme jobs",
	"sectionObjective": "Discuss extreme jobs / Deal with difficult interview questions",
	"GKU": "Language_Hub_C1_Unit7_Lesson7_2",
	"sectionSkills": [
		{
			"skillType": "V",
			"skillName": "Vocabulary",
			"skillTitle": "polysemy; intensifiers"
		},
		{
			"skillType": "G",
			"skillName": "Grammar",
			"skillTitle": "what clefting and all clefting"
		},
		{
			"skillType": "P",
			"skillName": "Pronunciation",
			"skillTitle": "any and really"
		},
		{
			"skillType": "S",
			"skillName": "Reading",
			"skillTitle": "understanding reference within texts"
		}
	],
	"sectionPart": [
		{
			"partTitle": "PRONUNCIATION",
			"partImage": "",
			"partSubTitle": "any and really",
			"sets": [
				{
					"setMarker": "A",
					"setHeading": "",
					"setImage": "",
					"setAudioNumber": 7.5,
					"audioNumberOrdinal": "003",
					"setAudio": "ALH_TAT5_AUD_U7.2_003",
					"setIgnore": false,
					"exerciseType": "LC - multiple choice",
					"exerciseInstruction": "Listen to the extracts from the recruitment specialist’s advice. Underline any and quite when they are stressed.",
					"exercises": [
						{
							"exerciseSentences": [
								{
									"sentenceOrdinal": 1,
									"exerciseQuestion": [
										"Almost any other answer is much better …"
									],
									"exerciseAnswer": "stressed",
									"exerciseOptions": [
										"stressed",
										"not stressed"
									]
								},
								{
									"sentenceOrdinal": 2,
									"exerciseQuestion": [
										"So don’t just say any old number that pops into your head."
									],
									"exerciseAnswer": "stressed",
									"exerciseOptions": [
										"stressed",
										"not stressed"
									]
								},
								{
									"sentenceOrdinal": 3,
									"exerciseQuestion": [
										"… on a desert island, without any other people …"
									],
									"exerciseAnswer": "not stressed",
									"exerciseOptions": [
										"stressed",
										"not stressed"
									]
								},
								{
									"sentenceOrdinal": 4,
									"exerciseQuestion": [
										"… would really get my creative juices flowing."
									],
									"exerciseAnswer": "stressed",
									"exerciseOptions": [
										"stressed",
										"not stressed"
									]
								},
								{
									"sentenceOrdinal": 5,
									"exerciseQuestion": [
										"… the sense of freedom would be really exhilarating."
									],
									"exerciseAnswer": "not stressed",
									"exerciseOptions": [
										"stressed",
										"not stressed"
									]
								},
								{
									"sentenceOrdinal": 6,
									"exerciseQuestion": [
										"It’s been really challenging …"
									],
									"exerciseAnswer": "not stressed",
									"exerciseOptions": [
										"stressed",
										"not stressed"
									]
								}
							]
						}
					]
				}
			]
		},
		{
			"partTitle": "PRONUNCIATION",
			"partImage": "",
			"partSubTitle": "any and really",
			"sets": [
				{
					"setMarker": "B",
					"setHeading": "",
					"setImage": "",
					"setAudioNumber": 7.6,
					"audioNumberOrdinal": "004",
					"setAudio": "ALH_TAT5_AUD_U7.2_004",
					"setIgnore": false,
					"exerciseType": "LC - multiple choice",
					"exerciseInstruction": "Listen and underline the sentence (a or b) in which really or any is stressed.",
					"exercises": [
						{
							"exerciseSentences": [
								{
									"sentenceOrdinal": 1,
									"exerciseQuestion": [
										"Choose the sentence (a or b) in which really or any is stressed."
									],
									"exerciseAnswer": "The interview was really impossible.",
									"exerciseOptions": [
										"The interview was really difficult.",
										"The interview was really impossible."
									]
								},
								{
									"sentenceOrdinal": 2,
									"exerciseQuestion": [
										"Choose the sentence (a or b) in which really or any is stressed."
									],
									"exerciseAnswer": "Don’t say anything!",
									"exerciseOptions": [
										"Don’t say anything!",
										"Don’t say anything!"
									]
								},
								{
									"sentenceOrdinal": 3,
									"exerciseQuestion": [
										"Choose the sentence (a or b) in which really or any is stressed."
									],
									"exerciseAnswer": "Her house was really dirty.",
									"exerciseOptions": [
										"Her house was really dirty.",
										"Her house was really dirty."
									]
								},
								{
									"sentenceOrdinal": 4,
									"exerciseQuestion": [
										"Choose the sentence (a or b) in which really or any is stressed."
									],
									"exerciseAnswer": "Any questions can be answered.",
									"exerciseOptions": [
										"Any questions can be answered.",
										"Any questions can be answered."
									]
								}
							]
						}
					]
				}
			]
		}
	]
}