{
	"sectionNumber": 7.1,
	"sectionTitle": "Beyond the limits",
	"sectionObjective": "Describe reactions to extreme experiences / Describe extreme situations and achievements",
	"GKU": "Language_Hub_C1_Unit7_Lesson7_1",
	"sectionSkills": [
		{
			"skillType": "V",
			"skillName": "Vocabulary",
			"skillTitle": "feelings"
		},
		{
			"skillType": "P",
			"skillName": "Pronunciation",
			"skillTitle": "intonation in question tags"
		},
		{
			"skillType": "G",
			"skillName": "Grammar",
			"skillTitle": "it clefting"
		},
		{
			"skillType": "S",
			"skillName": "Reading",
			"skillTitle": "identifying causation"
		}
	],
	"sectionPart": [
		{
			"partTitle": "PRONUNCIATION",
			"partImage": "",
			"partSubTitle": "Intonation in question tags",
			"sets": [
				{
					"setMarker": "A",
					"setHeading": "",
					"setImage": "",
					"setAudioNumber": 7.2,
					"audioNumberOrdinal": "002",
					"setAudio": "ALH_TAT5_AUD_U7.1_002",
					"setIgnore": false,
					"exerciseType": "TSS dictate",
					"TSStype": "TS_GROUP",
					"exerciseInstruction": "Complete the extracts from The Breakfast Show with the correct question tag. Then listen to check.",
					"exercises": [
						{
							"exerciseSentences": [
								{
									"sentenceOrdinal": 1,
									"sentences": [
										"So the car could have exploded at any second, couldn’t it?"
									],
									"blankedWords": [
										"couldn’t",
										"it"
									]
								},
								{
									"sentenceOrdinal": 2,
									"sentences": [
										"I mean, you’re a big guy, aren’t you?"
									],
									"blankedWords": [
										"aren’t you",
										"you"
									]
								},
								{
									"sentenceOrdinal": 3,
									"sentences": [
										"It’s weird, isn’t it?"
									],
									"blankedWords": [
										"isn’t",
										"it"
									]
								},
								{
									"sentenceOrdinal": 4,
									"sentences": [
										"I mean, a car weighs, what, a ton and a half, doesn’t it?"
									],
									"blankedWords": [
										"doesn’t",
										"it"
									]
								},
								{
									"sentenceOrdinal": 5,
									"sentences": [
										"So that’s what helped Arjun, then, was it?"
									],
									"blankedWords": [
										"was",
										"it"
									]
								},
								{
									"sentenceOrdinal": 6,
									"sentences": [
										"We can’t harness this strength in everyday life, can we?"
									],
									"blankedWords": [
										"can",
										"we"
									]
								},
								{
									"sentenceOrdinal": 7,
									"sentences": [
										"I’m just a normal guy, aren’t I?"
									],
									"blankedWords": [
										"aren’t",
										"I"
									]
								},
								{
									"sentenceOrdinal": 8,
									"sentences": [
										"Anyway, let’s have a break now, shall we?"
									],
									"blankedWords": [
										"shall",
										"we"
									]
								}
							]
						}
					]
				},
				{
					"partTitle": "PRONUNCIATION",
					"partImage": "",
					"partSubTitle": "Syllables and syllable stress",
					"sets": [
						{
							"setMarker": "A",
							"setHeading": null,
							"setImage": null,
							"setAudioNumber": 7.2,
							"audioNumberOrdinal": "002",
							"setAudio": "ALH_TAT5_AUD_U7.1_002",
							"setIgnore": false,
							"exerciseType": "Speak",
							"exerciseInstruction": "Listen. Underline the stressed syllable in each word. Which word only has one syllable?",
							"exercises": [
								{
									"sentenceOrdinal": 1,
									"sentences": [
										"So the car could have exploded at any second, couldn’t it?"
									],
									"blankedWords": []
								},
								{
									"sentenceOrdinal": 2,
									"sentences": [
										"I mean, you’re a big guy, aren’t you?"
									],
									"blankedWords": []
								},
								{
									"sentenceOrdinal": 3,
									"sentences": [
										"It’s weird, isn’t it?"
									],
									"blankedWords": []
								},
								{
									"sentenceOrdinal": 4,
									"sentences": [
										"I mean, a car weighs, what, a ton and a half, doesn’t it?"
									],
									"blankedWords": []
								},
								{
									"sentenceOrdinal": 5,
									"sentences": [
										"So that’s what helped Arjun, then, was it?"
									],
									"blankedWords": []
								},
								{
									"sentenceOrdinal": 6,
									"sentences": [
										"We can’t harness this strength in everyday life, can we?"
									],
									"blankedWords": []
								},
								{
									"sentenceOrdinal": 7,
									"sentences": [
										"I’m just a normal guy, aren’t I?"
									],
									"blankedWords": []
								},
								{
									"sentenceOrdinal": 8,
									"sentences": [
										"Anyway, let’s have a break now, shall we?"
									],
									"blankedWords": []
								}
							]
						}
					]
				},
				{
					"partTitle": "PRONUNCIATION",
					"partImage": "",
					"partSubTitle": "Pronunciation of idioms",
					"sets": [
						{
							"setMarker": "C",
							"setHeading": "SPEAK",
							"setImage": null,
							"setAudioNumber": null,
							"audioNumberOrdinal": "",
							"setAudio": "",
							"setIgnore": true,
							"exerciseType": "",
							"exerciseInstruction": "Work in small groups and discuss the extreme human abilities shown in pictures 1–5. Use question tags to ask questions, make suggestions, check assumptions and invite agreement.",
							"exercises": null
						}
					]
				}
			]
		}
	]
}